<application>
  <component name="FileTypeManager" version="18">
    <extensionMap>
      <mapping pattern="OWNERS" type="PLAIN_TEXT" />
      <mapping pattern="test" type="PLAIN_TEXT" />
      <mapping pattern="Dockerfile-build-v2" type="PLAIN_TEXT" />
      <mapping pattern="client.toml" type="PLAIN_TEXT" />
      <mapping pattern="Dockerfile-policy" type="PLAIN_TEXT" />
      <mapping pattern="CODEOWNERS" type="PLAIN_TEXT" />
      <mapping ext="tmpl" type="PLAIN_TEXT" />
      <mapping pattern="pre-commit" type="Shell Script" />
      <mapping pattern="antispam" type="TOML" />
    </extensionMap>
  </component>
</application>