<keymap version="1" name="tangximing" parent="Mac OS X 10.5+">
  <action id="ChangesView.ShelveSilently" />
  <action id="EditorCloneCaretAbove">
    <keyboard-shortcut first-keystroke="shift meta alt up" />
  </action>
  <action id="EditorCloneCaretBelow">
    <keyboard-shortcut first-keystroke="shift meta alt down" />
  </action>
  <action id="MethodHierarchy" />
  <action id="OpenFile">
    <keyboard-shortcut first-keystroke="shift meta 1" />
  </action>
  <action id="PasteMultiple" />
  <action id="SplitHorizontally">
    <keyboard-shortcut first-keystroke="shift meta h" />
  </action>
  <action id="SplitVertically">
    <keyboard-shortcut first-keystroke="shift meta v" />
  </action>
</keymap>